{
  "data_dir": "data/DMS",
  "output_dir": "reports/data_audit_1k",
  "n_records": 1178,
  "parse_errors": [],
  "file_completeness": {
    "rpoint_available": {
      "count": 1178,
      "n": 1178,
      "rate": 1.0,
      "ci_low": 0.9967494797949235,
      "ci_high": 1.0
    },
    "dat_available": {
      "count": 1178,
      "n": 1178,
      "rate": 1.0,
      "ci_low": 0.9967494797949235,
      "ci_high": 1.0
    },
    "dat_size_match": {
      "count": 1178,
      "n": 1178,
      "rate": 1.0,
      "ci_low": 0.9967494797949235,
      "ci_high": 1.0
    }
  },
  "beat_label_counts_global": {
    "": 107,
    "A": 25167,
    "AE": 11828,
    "AP": 6294,
    "AVP": 61250,
    "F": 636701,
    "FS": 196,
    "Fusion": 1,
    "N": 118194329,
    "S": 930331,
    "V": 1078308,
    "VP": 216786
  },
  "beat_label_record_prevalence": {
    "": {
      "count": 14,
      "n": 1178,
      "rate": 0.011884550084889643,
      "ci_low": 0.007092366593969522,
      "ci_high": 0.019849991840527957
    },
    "A": {
      "count": 1,
      "n": 1178,
      "rate": 0.0008488964346349745,
      "ci_low": 0.00014986293044524056,
      "ci_high": 0.004792931433875663
    },
    "AE": {
      "count": 2,
      "n": 1178,
      "rate": 0.001697792869269949,
      "ci_low": 0.0004657098321083977,
      "ci_high": 0.006169358691456858
    },
    "AP": {
      "count": 2,
      "n": 1178,
      "rate": 0.001697792869269949,
      "ci_low": 0.0004657098321083977,
      "ci_high": 0.006169358691456858
    },
    "AVP": {
      "count": 3,
      "n": 1178,
      "rate": 0.0025466893039049238,
      "ci_low": 0.0008664582320801655,
      "ci_high": 0.007460884450729442
    },
    "F": {
      "count": 1104,
      "n": 1178,
      "rate": 0.9371816638370118,
      "ci_low": 0.9218543137556304,
      "ci_high": 0.9496668782552108
    },
    "FS": {
      "count": 1,
      "n": 1178,
      "rate": 0.0008488964346349745,
      "ci_low": 0.00014986293044524056,
      "ci_high": 0.004792931433875663
    },
    "Fusion": {
      "count": 1,
      "n": 1178,
      "rate": 0.0008488964346349745,
      "ci_low": 0.00014986293044524056,
      "ci_high": 0.004792931433875663
    },
    "N": {
      "count": 1177,
      "n": 1178,
      "rate": 0.9991511035653651,
      "ci_low": 0.9952070685661244,
      "ci_high": 0.9998501370695548
    },
    "S": {
      "count": 944,
      "n": 1178,
      "rate": 0.801358234295416,
      "ci_low": 0.7776105317035131,
      "ci_high": 0.8231467948282318
    },
    "V": {
      "count": 681,
      "n": 1178,
      "rate": 0.5780984719864176,
      "ci_low": 0.5496866929581269,
      "ci_high": 0.6060025296923534
    },
    "VP": {
      "count": 5,
      "n": 1178,
      "rate": 0.004244482173174873,
      "ci_low": 0.0018142838431151878,
      "ci_high": 0.009897607158183126
    }
  },
  "mismatch_summary": {
    "csv_mean_hr_vs_rpoint_count": {
      "count": 471,
      "n": 1178,
      "rate": 0.399830220713073,
      "ci_low": 0.3722251891084875,
      "ci_high": 0.4280864601006789
    },
    "csv_pvc_count_vs_rpoint": {
      "count": 1,
      "n": 1178,
      "rate": 0.0008488964346349745,
      "ci_low": 0.00014986293044524056,
      "ci_high": 0.004792931433875663
    },
    "csv_pvc_pct_vs_rpoint": {
      "count": 0,
      "n": 1177,
      "rate": 0.0,
      "ci_low": 0.0,
      "ci_high": 0.00325327291992423
    },
    "csv_svpc_count_vs_rpoint": {
      "count": 2,
      "n": 1178,
      "rate": 0.001697792869269949,
      "ci_low": 0.0004657098321083977,
      "ci_high": 0.006169358691456858
    },
    "csv_svpc_pct_vs_rpoint": {
      "count": 1,
      "n": 1177,
      "rate": 0.0008496176720475786,
      "ci_low": 0.00014999027000924675,
      "ci_high": 0.004796989917680617
    },
    "csv_total_vs_rpoint_valid_total": {
      "count": 26,
      "n": 1178,
      "rate": 0.022071307300509338,
      "ci_low": 0.015105834906283014,
      "ci_high": 0.03214381343914669
    },
    "report_bigeminy_vs_rpoint": {
      "count": 103,
      "n": 146,
      "rate": 0.7054794520547946,
      "ci_low": 0.6270355017596728,
      "ci_high": 0.7733873447662586
    },
    "report_longest_rr_vs_rpoint_nn": {
      "count": 389,
      "n": 1172,
      "rate": 0.3319112627986348,
      "ci_low": 0.30553887383846545,
      "ci_high": 0.3593819794465348
    },
    "report_max_hr_vs_csv": {
      "count": 16,
      "n": 1177,
      "rate": 0.013593882752761258,
      "ci_low": 0.008384575105133893,
      "ci_high": 0.02196801409904049
    },
    "report_mean_hr_vs_csv": {
      "count": 14,
      "n": 1177,
      "rate": 0.0118946474086661,
      "ci_low": 0.007098403292281732,
      "ci_high": 0.019866771376361374
    },
    "report_min_hr_vs_csv": {
      "count": 15,
      "n": 1177,
      "rate": 0.012744265080713678,
      "ci_low": 0.007738161081890198,
      "ci_high": 0.020920720854518543
    },
    "report_pvc_count_vs_csv": {
      "count": 15,
      "n": 854,
      "rate": 0.01756440281030445,
      "ci_low": 0.010672606877378792,
      "ci_high": 0.028777100387925202
    },
    "report_svpc_count_vs_csv": {
      "count": 231,
      "n": 981,
      "rate": 0.23547400611620795,
      "ci_low": 0.2099860972452548,
      "ci_high": 0.2630256033165411
    },
    "report_total_beats_vs_csv": {
      "count": 19,
      "n": 1175,
      "rate": 0.016170212765957447,
      "ci_low": 0.010376075364305053,
      "ci_high": 0.025117751796188772
    },
    "report_trigeminy_vs_rpoint": {
      "count": 148,
      "n": 182,
      "rate": 0.8131868131868132,
      "ci_low": 0.7503019705606132,
      "ci_high": 0.8631236564249488
    }
  },
  "mismatch_total_rows": 1451,
  "config": {
    "sample_rate": 128,
    "n_channels_default": 3,
    "pvc_labels": [
      "V"
    ],
    "svpc_labels": [
      "A",
      "J",
      "S"
    ],
    "exclude_total_labels": [
      "F"
    ],
    "pct_tolerance": 0.02,
    "hr_tolerance": 1.0,
    "rr_tolerance": 0.02
  }
}